Accuracy,Balanced_Accuracy,Precision,Recall,Specificity,F1,MCC,ROC_AUC,PR_AUC,TN,FP,FN,TP,Dataset,Repeat,Seed,Fold,Train_Sites,Test_Sites
0.7857142857142857,0.8125,1.0,0.625,1.0,0.7692307692307693,0.6454972243679028,0.9375,0.95,6,0,3,5,STRICT,1,11,1,42,14
0.8571428571428571,0.8333333333333333,0.8,1.0,0.6666666666666666,0.8888888888888888,0.7302967433402214,0.9166666666666667,0.9472222222222222,4,2,0,8,STRICT,1,11,2,42,14
0.7857142857142857,0.7708333333333333,0.7777777777777778,0.875,0.6666666666666666,0.8235294117647058,0.5594309277855158,0.9166666666666667,0.9415178571428572,4,2,1,7,STRICT,1,11,3,42,14
0.9285714285714286,0.9375,1.0,0.875,1.0,0.9333333333333333,0.8660254037844387,1.0,1.0,6,0,1,7,STRICT,1,11,4,42,14
0.9285714285714286,0.9375,1.0,0.875,1.0,0.9333333333333333,0.8660254037844387,0.9791666666666666,0.9861111111111112,6,0,1,7,STRICT,2,22,1,42,14
0.7857142857142857,0.8125,1.0,0.625,1.0,0.7692307692307693,0.6454972243679028,0.875,0.9159722222222222,6,0,3,5,STRICT,2,22,2,42,14
0.9285714285714286,0.9166666666666667,0.8888888888888888,1.0,0.8333333333333334,0.9411764705882353,0.8606629658238705,0.9375,0.9526289682539683,5,1,0,8,STRICT,2,22,3,42,14
0.7142857142857143,0.7083333333333333,0.75,0.75,0.6666666666666666,0.75,0.4166666666666667,0.8541666666666667,0.9068813131313131,4,2,2,6,STRICT,2,22,4,42,14
0.7142857142857143,0.7291666666666667,0.8333333333333334,0.625,0.8333333333333334,0.7142857142857143,0.4583333333333333,0.9166666666666667,0.9415178571428572,5,1,3,5,STRICT,3,33,1,42,14
0.9285714285714286,0.9375,1.0,0.875,1.0,0.9333333333333333,0.8660254037844387,1.0,1.0,6,0,1,7,STRICT,3,33,2,42,14
0.9285714285714286,0.9375,1.0,0.875,1.0,0.9333333333333333,0.8660254037844387,1.0,1.0,6,0,1,7,STRICT,3,33,3,42,14
0.6428571428571429,0.5833333333333334,0.6153846153846154,1.0,0.16666666666666666,0.7619047619047619,0.32025630761017426,0.8124999999999999,0.8928952991452992,1,5,0,8,STRICT,3,33,4,42,14
0.9285714285714286,0.9375,1.0,0.875,1.0,0.9333333333333333,0.8660254037844387,1.0,1.0,6,0,1,7,STRICT,4,44,1,42,14
0.7142857142857143,0.6666666666666666,0.6666666666666666,1.0,0.3333333333333333,0.8,0.47140452079103173,0.6666666666666667,0.8073232323232323,2,4,0,8,STRICT,4,44,2,42,14
0.8571428571428571,0.875,1.0,0.75,1.0,0.8571428571428571,0.75,0.9895833333333334,0.9861111111111112,6,0,2,6,STRICT,4,44,3,42,14
0.8571428571428571,0.8541666666666667,0.875,0.875,0.8333333333333334,0.875,0.7083333333333334,0.9791666666666667,0.9861111111111112,5,1,1,7,STRICT,4,44,4,42,14
0.7857142857142857,0.7916666666666667,0.8571428571428571,0.75,0.8333333333333334,0.8,0.5773502691896257,0.8958333333333333,0.9293650793650794,5,1,2,6,STRICT,5,55,1,42,14
0.7857142857142857,0.75,0.7272727272727273,1.0,0.5,0.8421052631578947,0.6030226891555273,0.9375,0.9659090909090909,3,3,0,8,STRICT,5,55,2,42,14
0.7142857142857143,0.7083333333333333,0.75,0.75,0.6666666666666666,0.75,0.4166666666666667,0.875,0.908531746031746,4,2,2,6,STRICT,5,55,3,42,14
0.8571428571428571,0.875,1.0,0.75,1.0,0.8571428571428571,0.75,1.0,1.0,6,0,2,6,STRICT,5,55,4,42,14
0.8571428571428571,0.875,1.0,0.75,1.0,0.8571428571428571,0.75,0.9166666666666666,0.9472222222222222,6,0,2,6,STRICT,6,66,1,42,14
1.0,1.0,1.0,1.0,1.0,1.0,1.0,1.0,1.0,6,0,0,8,STRICT,6,66,2,42,14
0.6428571428571429,0.6041666666666666,0.6363636363636364,0.875,0.3333333333333333,0.7368421052631579,0.251259453814803,0.7604166666666667,0.843452380952381,2,4,1,7,STRICT,6,66,3,42,14
0.8571428571428571,0.8541666666666667,0.875,0.875,0.8333333333333334,0.875,0.7083333333333334,0.9791666666666666,0.9861111111111112,5,1,1,7,STRICT,6,66,4,42,14
0.8571428571428571,0.8541666666666667,0.875,0.875,0.8333333333333334,0.875,0.7083333333333334,0.9583333333333334,0.9704861111111112,5,1,1,7,STRICT,7,77,1,42,14
0.9285714285714286,0.9166666666666667,0.8888888888888888,1.0,0.8333333333333334,0.9411764705882353,0.8606629658238705,0.9791666666666667,0.9861111111111112,5,1,0,8,STRICT,7,77,2,42,14
0.7857142857142857,0.7916666666666667,0.8571428571428571,0.75,0.8333333333333334,0.8,0.5773502691896257,0.9166666666666666,0.9415178571428572,5,1,2,6,STRICT,7,77,3,42,14
0.8571428571428571,0.875,1.0,0.75,1.0,0.8571428571428571,0.75,0.9270833333333334,0.9472222222222222,6,0,2,6,STRICT,7,77,4,42,14
1.0,1.0,1.0,1.0,1.0,1.0,1.0,1.0,1.0,6,0,0,8,STRICT,8,88,1,42,14
0.6428571428571429,0.6458333333333333,0.7142857142857143,0.625,0.6666666666666666,0.6666666666666666,0.28867513459481287,0.8541666666666666,0.9068813131313131,4,2,3,5,STRICT,8,88,2,42,14
0.7857142857142857,0.8125,1.0,0.625,1.0,0.7692307692307693,0.6454972243679028,0.875,0.9248511904761905,6,0,3,5,STRICT,8,88,3,42,14
0.5714285714285714,0.5625,0.625,0.625,0.5,0.625,0.125,0.7708333333333334,0.8409090909090908,3,3,3,5,STRICT,8,88,4,42,14
0.7857142857142857,0.7708333333333333,0.7777777777777778,0.875,0.6666666666666666,0.8235294117647058,0.5594309277855158,0.9479166666666666,0.9659090909090909,4,2,1,7,STRICT,9,99,1,42,14
0.8571428571428571,0.8333333333333333,0.8,1.0,0.6666666666666666,0.8888888888888888,0.7302967433402214,1.0,1.0,4,2,0,8,STRICT,9,99,2,42,14
0.8571428571428571,0.8541666666666667,0.875,0.875,0.8333333333333334,0.875,0.7083333333333334,0.9166666666666666,0.9415178571428572,5,1,1,7,STRICT,9,99,3,42,14
0.7857142857142857,0.7916666666666667,0.8571428571428571,0.75,0.8333333333333334,0.8,0.5773502691896257,0.875,0.908531746031746,5,1,2,6,STRICT,9,99,4,42,14
0.8571428571428571,0.875,1.0,0.75,1.0,0.8571428571428571,0.75,0.9583333333333334,0.9704861111111112,6,0,2,6,STRICT,10,111,1,42,14
0.9285714285714286,0.9166666666666667,0.8888888888888888,1.0,0.8333333333333334,0.9411764705882353,0.8606629658238705,0.9583333333333334,0.9704861111111112,5,1,0,8,STRICT,10,111,2,42,14
0.6428571428571429,0.625,0.6666666666666666,0.75,0.5,0.7058823529411765,0.25819888974716115,0.625,0.7145042457542458,3,3,2,6,STRICT,10,111,3,42,14
0.8571428571428571,0.875,1.0,0.75,1.0,0.8571428571428571,0.75,0.9895833333333334,0.9861111111111112,6,0,2,6,STRICT,10,111,4,42,14
0.6428571428571429,0.6458333333333333,0.7142857142857143,0.625,0.6666666666666666,0.6666666666666666,0.28867513459481287,0.8125,0.8700757575757576,4,2,3,5,EXTENDED,1,11,1,44,14
0.7857142857142857,0.8125,1.0,0.625,1.0,0.7692307692307693,0.6454972243679028,1.0,1.0,6,0,3,5,EXTENDED,1,11,2,44,14
0.9333333333333333,0.9285714285714286,0.8888888888888888,1.0,0.8571428571428571,0.9411764705882353,0.8728715609439694,0.9464285714285715,0.9526289682539683,6,1,0,8,EXTENDED,1,11,3,43,15
0.6666666666666666,0.6517857142857143,0.6363636363636364,0.875,0.42857142857142855,0.7368421052631579,0.3424747597107866,0.8214285714285714,0.8816287878787878,3,4,1,7,EXTENDED,1,11,4,43,15
0.9333333333333333,0.9285714285714286,0.8888888888888888,1.0,0.8571428571428571,0.9411764705882353,0.8728715609439694,0.9821428571428572,0.9861111111111112,6,1,0,8,EXTENDED,2,22,1,43,15
0.7857142857142857,0.7708333333333333,0.7777777777777778,0.875,0.6666666666666666,0.8235294117647058,0.5594309277855158,0.8958333333333334,0.9381313131313131,4,2,1,7,EXTENDED,2,22,2,44,14
0.7142857142857143,0.7291666666666667,0.8333333333333334,0.625,0.8333333333333334,0.7142857142857143,0.4583333333333333,0.875,0.9159722222222222,5,1,3,5,EXTENDED,2,22,3,44,14
0.7333333333333333,0.7321428571428572,0.75,0.75,0.7142857142857143,0.75,0.4642857142857143,0.875,0.9105519480519481,5,2,2,6,EXTENDED,2,22,4,43,15
0.7857142857142857,0.8125,1.0,0.625,1.0,0.7692307692307693,0.6454972243679028,0.9166666666666666,0.9472222222222222,6,0,3,5,EXTENDED,3,33,1,44,14
0.7333333333333333,0.7410714285714286,0.8333333333333334,0.625,0.8571428571428571,0.7142857142857143,0.49099025303098287,0.8571428571428571,0.8897186147186147,6,1,3,5,EXTENDED,3,33,2,43,15
0.6666666666666666,0.6428571428571428,0.6153846153846154,1.0,0.2857142857142857,0.7619047619047619,0.4193139346887673,0.9196428571428571,0.932426948051948,2,5,0,8,EXTENDED,3,33,3,43,15
0.9285714285714286,0.9166666666666667,0.8888888888888888,1.0,0.8333333333333334,0.9411764705882353,0.8606629658238705,0.9791666666666666,0.9861111111111112,5,1,0,8,EXTENDED,3,33,4,44,14
0.8666666666666667,0.8660714285714286,0.875,0.875,0.8571428571428571,0.875,0.7321428571428571,0.9642857142857143,0.975,6,1,1,7,EXTENDED,4,44,1,43,15
0.6428571428571429,0.625,0.6666666666666666,0.75,0.5,0.7058823529411765,0.25819888974716115,0.75,0.8197781385281385,3,3,2,6,EXTENDED,4,44,2,44,14
0.8,0.7946428571428572,0.7777777777777778,0.875,0.7142857142857143,0.8235294117647058,0.600099198148979,0.875,0.9126984126984127,5,2,1,7,EXTENDED,4,44,3,43,15
0.9285714285714286,0.9375,1.0,0.875,1.0,0.9333333333333333,0.8660254037844387,0.9791666666666667,0.9861111111111112,6,0,1,7,EXTENDED,4,44,4,44,14
0.6666666666666666,0.6607142857142857,0.6666666666666666,0.75,0.5714285714285714,0.7058823529411765,0.32732683535398854,0.875,0.9105519480519481,4,3,2,6,EXTENDED,5,55,1,43,15
0.7142857142857143,0.7083333333333333,0.75,0.75,0.6666666666666666,0.75,0.4166666666666667,0.7916666666666667,0.8854166666666666,4,2,2,6,EXTENDED,5,55,2,44,14
0.9285714285714286,0.9375,1.0,0.875,1.0,0.9333333333333333,0.8660254037844387,1.0,1.0,6,0,1,7,EXTENDED,5,55,3,44,14
0.8,0.8125,1.0,0.625,1.0,0.7692307692307693,0.6614378277661477,0.9732142857142857,0.975,7,0,3,5,EXTENDED,5,55,4,43,15
0.8,0.8125,1.0,0.625,1.0,0.7692307692307693,0.6614378277661477,0.8928571428571429,0.9318181818181819,7,0,3,5,EXTENDED,6,66,1,43,15
1.0,1.0,1.0,1.0,1.0,1.0,1.0,1.0,1.0,6,0,0,8,EXTENDED,6,66,2,44,14
0.7857142857142857,0.7708333333333333,0.7777777777777778,0.875,0.6666666666666666,0.8235294117647058,0.5594309277855158,0.9583333333333334,0.975,4,2,1,7,EXTENDED,6,66,3,44,14
0.7333333333333333,0.7321428571428572,0.75,0.75,0.7142857142857143,0.75,0.4642857142857143,0.6964285714285714,0.7976190476190477,5,2,2,6,EXTENDED,6,66,4,43,15
0.8666666666666667,0.8660714285714286,0.875,0.875,0.8571428571428571,0.875,0.7321428571428571,0.9821428571428571,0.9861111111111112,6,1,1,7,EXTENDED,7,77,1,43,15
0.5333333333333333,0.5267857142857143,0.5555555555555556,0.625,0.42857142857142855,0.5882352941176471,0.05455447255899809,0.7678571428571428,0.8420454545454545,3,4,3,5,EXTENDED,7,77,2,43,15
0.8571428571428571,0.8541666666666667,0.875,0.875,0.8333333333333334,0.875,0.7083333333333334,0.9583333333333334,0.9704861111111112,5,1,1,7,EXTENDED,7,77,3,44,14
0.7857142857142857,0.7916666666666667,0.8571428571428571,0.75,0.8333333333333334,0.8,0.5773502691896257,0.875,0.9318181818181819,5,1,2,6,EXTENDED,7,77,4,44,14
0.8,0.7946428571428572,0.7777777777777778,0.875,0.7142857142857143,0.8235294117647058,0.600099198148979,0.9285714285714286,0.9583333333333333,5,2,1,7,EXTENDED,8,88,1,43,15
0.9285714285714286,0.9375,1.0,0.875,1.0,0.9333333333333333,0.8660254037844387,0.9583333333333334,0.975,6,0,1,7,EXTENDED,8,88,2,44,14
0.7333333333333333,0.7321428571428572,0.75,0.75,0.7142857142857143,0.75,0.4642857142857143,0.8214285714285714,0.8648538961038961,5,2,2,6,EXTENDED,8,88,3,43,15
0.7142857142857143,0.7291666666666667,0.8333333333333334,0.625,0.8333333333333334,0.7142857142857143,0.4583333333333333,0.9166666666666667,0.9415178571428572,5,1,3,5,EXTENDED,8,88,4,44,14
0.6,0.5892857142857143,0.6,0.75,0.42857142857142855,0.6666666666666666,0.18898223650461363,0.8571428571428571,0.9128787878787878,3,4,2,6,EXTENDED,9,99,1,43,15
0.7857142857142857,0.7708333333333333,0.7777777777777778,0.875,0.6666666666666666,0.8235294117647058,0.5594309277855158,0.9166666666666666,0.9415178571428572,4,2,1,7,EXTENDED,9,99,2,44,14
0.9285714285714286,0.9375,1.0,0.875,1.0,0.9333333333333333,0.8660254037844387,1.0,1.0,6,0,1,7,EXTENDED,9,99,3,44,14
0.7333333333333333,0.7321428571428572,0.75,0.75,0.7142857142857143,0.75,0.4642857142857143,0.875,0.9068813131313131,5,2,2,6,EXTENDED,9,99,4,43,15
0.7333333333333333,0.7232142857142857,0.7,0.875,0.5714285714285714,0.7777777777777778,0.472455591261534,0.8392857142857143,0.8867424242424242,4,3,1,7,EXTENDED,10,111,1,43,15
0.7857142857142857,0.7916666666666667,0.8571428571428571,0.75,0.8333333333333334,0.8,0.5773502691896257,0.8958333333333334,0.932426948051948,5,1,2,6,EXTENDED,10,111,2,44,14
0.7857142857142857,0.7916666666666667,0.8571428571428571,0.75,0.8333333333333334,0.8,0.5773502691896257,0.9375,0.959375,5,1,2,6,EXTENDED,10,111,3,44,14
0.6,0.5982142857142857,0.625,0.625,0.5714285714285714,0.625,0.19642857142857142,0.8392857142857142,0.8867424242424242,4,3,3,5,EXTENDED,10,111,4,43,15
